2,María Teresa Uriel Granado,"Continuación Sur Barrios 039 Edif. 281 , Depto. 910, Vieja Mozambique, CHIS 64421-9711",416-133-2233x9697,mgranado@outlook.com,1113.29
5,Rosalia Humberto Cordero,"Calle Bosnia y Herzegovina 476 Edif. 169 , Depto. 746, Vieja Uzbekistán, BC 64838-1282",591.685.7017x71991,rcordero@live.com,3167.48
6,Jorge Aparicio,"Pasaje Nueva Zelandia 084 690, Vieja Islas Marshall, HGO 29103",(066)078-1546x1582,japaricio@gmail.com,3593.15
8,Julio César Jaqueline Arriaga Baeza,"Diagonal Norte Casárez 892 Edif. 276 , Depto. 027, Vieja Chad, CAMP 61597",106-933-3740x6743,jbaeza@outlook.com,4324.18
9,Miguel Rodríguez,"Avenida Michoacán de Ocampo 790 Interior 883, Nueva República Unida de Tanzanía, CHIH 09117",767.786.2143,mrodríguez@hotmail.com,4362.9
11,Esteban Javier Estévez Corrales,"Avenida Campeche 995 Interior 104, Nueva Argentina, DGO 52994-0010",996-623-0373x438,ecorrales@hotmail.com,2028.99
13,Sandra Reina Cervántez,"Avenida San Luis Potosí 433 647, Vieja Vietman, Q. ROO 23681-3052",336.602.4623x647,scervántez@gmail.com,4971.42
14,Ricardo Iglesias,"Cerrada Tlaxcala 208 Edif. 873 , Depto. 641, Nueva Federación de Rusia, BCS 13673-0092",(908)772-1016,riglesias@gmail.com,4138.72
15,Serafín Esparta Zambrano,"Calzada Sonora 573 Edif. 126 , Depto. 355, Vieja Reino Unido de Gran Bretaña e Irlanda del Norte, BC 51685",(178)478-8365x3462,szambrano@live.com,3051.47
16,Ernesto Caridad Rivero Romo,"Boulevard Turkmenistán 019 Edif. 213 , Depto. 022, Nueva Guinea Ecuatorial, TAB 10647-5754",(880)795-1865,eromo@live.com,1078.08
20,Francisca Castañeda Garrido,"Continuación Norte Canales 912 Edif. 248 , Depto. 744, Nueva Bahamas, GTO 04144",1-512-642-1343,fgarrido@gmail.com,1667.95
21,Ing. Margarita Bravo,"Continuación Coahuila de Zaragoza 538 Edif. 344 , Depto. 902, Nueva Turkmenistán, Q. ROO 53492",525-046-9668,ibravo@outlook.com,3622.11
22,Eugenio Germán Matías,"Calle Mali 824 Interior 736, Vieja Irán, AGS 47650",199-106-4410x6379,ematías@hotmail.com,3962.95
24,Lic. Frida Reséndez,"Pasaje Tabasco 848 Interior 101, Vieja Suecia, QRO 12480-1218",760-303-6826x83111,lreséndez@hotmail.com,4942.83
25,Arcelia Itzel Manzanares Ybarra,"Circunvalación Oaxaca 416 462, Nueva El Salvador, SIN 38002",222-333-5310x51956,aybarra@gmail.com,1437.29
27,Liliana Eloy Rivero,"Privada Porras 250 433, Vieja Noruega, Q. ROO 81628",1-505-627-5971x8541,lrivero@gmail.com,1289.46
30,Ángel Benítez,"Cerrada Nayarit 275 Edif. 058 , Depto. 880, Vieja Liberia, SIN 74197-1657",2814854527,ábenítez@gmail.com,2919.71
32,Liliana Dolores Feliciano,"Avenida Santana 074 Interior 019, Nueva Togo, ZAC 72710-7552",362.509.1373,lfeliciano@live.com,2430.76
33,Conchita Ceja Mata,"Ampliación Nayarit 301 626, Nueva Kuwait, ZAC 51140",+80(4)7201499039,cmata@outlook.com,3997.95
34,Lilia Pelayo Sauceda,"Circunvalación Mesa 047 Edif. 621 , Depto. 008, Vieja Mali, OAX 64320-3362",(401)531-6549x40669,lsauceda@live.com,1902.72
35,Sr(a). Silvia Echeverría,"Retorno Togo 137 Interior 268, Nueva Eslovaquia, MICH 31885",3833955209,secheverría@gmail.com,3146.52
36,Abel Germán Santacruz,"Peatonal Norte Saldivar 072 372, Nueva Japón, ZAC 99777-7865",(325)492-2033x2657,asantacruz@hotmail.com,3810.79
37,Mtro. Espartaco Munguía,"Calzada Rangel 891 Interior 156, Vieja Tailandia, BC 15356",+35(3)2571072835,mmunguía@outlook.com,1246.9
39,Dulce María Olga Ulibarri,"Ampliación Coahuila de Zaragoza 125 Edif. 778 , Depto. 955, Nueva Rumania, GTO 27372",1-165-384-5472,dulibarri@gmail.com,1283.34
40,Norma Alicia Meza,"Circunvalación Togo 053 580, Nueva República Checa, SIN 84673-8405",(009)820-3567,nmeza@gmail.com,3998.93
43,Catalina Aurora Meraz,"Peatonal Micronesia 351 312, Nueva Burundi, CAMP 56715-8160",1-977-788-9176x8375,cmeraz@outlook.com,4886.35
46,Carla Andrea Delgadillo,"Diagonal Norte Montoya 370 997, Vieja República Popular Democrática de Corea, GTO 06350-8643",558.080.7330x40790,cdelgadillo@live.com,3737.18
49,Nancy Olivia Hurtado Saldaña,"Calle Italia 929 856, Vieja Bhután, MOR 41395-0568",(470)088-2041x00833,nsaldaña@gmail.com,3294.47
50,Perla Rentería de Jesús,"Circunvalación Tlaxcala 710 Edif. 765 , Depto. 529, Nueva Singapur, NAY 51059",1-044-609-5740,pjesús@live.com,3560.83
51,Nelly Salma Medina,"Pasaje Norte Valenzuela 421 Interior 291, Vieja Sudán del Sur, GTO 12354-8332",197-088-7625,nmedina@hotmail.com,3144
52,Sergio Hinojosa Lugo,"Peatonal Quintana Roo 147 127, Vieja República de Corea, NAY 43594-9327",1-309-223-4127,slugo@hotmail.com,2022.01
55,Jos Moreno Avilés,"Ampliación Belice 965 Interior 616, Vieja Venezuela, JAL 62477-9060",033.048.6102,javilés@hotmail.com,2975.16
57,Sr(a). Gloria Botello,"Ampliación Zacatecas 156 Edif. 800 , Depto. 006, Nueva Samoa, HGO 30818",648.768.0646,sbotello@live.com,4543.53
59,Úrsula César Valentín,"Callejón Guerrero 115 Edif. 140 , Depto. 822, Nueva Alemania, YUC 50669",(426)849-2534,úvalentín@live.com,3840.95
60,Barbara Lucía Batista,"Ampliación de la Torre 978 Interior 527, Nueva Indonesia, OAX 84481-7201",1-346-025-0072,bbatista@outlook.com,2175.67
63,Paola María José Tamez Enríquez,"Avenida Zedillo 135 Edif. 768 , Depto. 201, Nueva Zambia, GRO 15083-7211",577.504.6594x916,penríquez@hotmail.com,4891.5
68,Gabriela Ledesma,"Avenida Tamaulipas 231 Edif. 455 , Depto. 620, Nueva Kenya, SLP 82498-1430",(069)227-6131x471,gledesma@live.com,1832.45
75,Jacinto Ontiveros Piña,"Corredor Dávila 706 Edif. 619 , Depto. 373, Vieja Lesotho, CHIS 69829",1-844-598-6481x7865,jpiña@outlook.com,2693.72
78,Estefanía Susana Núñez Molina,"Pasaje Lituania 099 909, Nueva Perú, CAMP 41079-4014",623.942.7891x440,emolina@gmail.com,4619.04
83,Alonso Luna Enríquez,"Peatonal República Centroafricana 019 496, Nueva Bosnia y Herzegovina, YUC 32802-7742",+67(6)2828909615,aenríquez@hotmail.com,1860.54
87,Guillermina Cristian Olmos,"Cerrada Quintana 149 Interior 382, Vieja Guinea Ecuatorial, TLAX 23720",853-109-7063,golmos@live.com,4250.96
88,Ramiro Jorge Luis Caraballo,"Callejón Puebla 156 504, Nueva Indonesia, CHIS 63646-6233",(293)664-2425,rcaraballo@hotmail.com,2962.84
89,Abril Barrios Abreu,"Privada Campeche 123 Interior 618, Vieja Zambia, AGS 76620-4749",(803)156-9964x3890,aabreu@hotmail.com,3204.12
90,Cristina Rodríguez Jasso,"Periférico Norte Noriega 592 Edif. 604 , Depto. 728, Vieja Nueva Zelandia, GRO 09592-4490",668.518.3955x9513,cjasso@hotmail.com,3481.32
94,Uriel Iglesias,"Ampliación Namibia 971 709, Nueva Chad, CHIS 27611",333-144-4384,uiglesias@live.com,4939.57
95,Lic. Josefina Alemán,"Calzada Norte Collazo 156 267, Nueva Turkmenistán, CHIS 21734",1-753-798-8172x303,lalemán@outlook.com,1168.93
96,Karina Manzanares Bravo,"Calle Chiapas 899 824, Nueva Congo, OAX 85900",6801405516,kbravo@hotmail.com,4867.86
97,Ivonne Olivas,"Andador Norte Carbajal 298 046, Nueva Polonia, SON 60155",1-603-247-5549x3160,iolivas@hotmail.com,4332.97
100,Juan Carlos Nancy Villalobos,"Cerrada Norte Nieto 863 638, Vieja Estonia, BCS 87309-8348",032-875-2828x09337,jvillalobos@gmail.com,2027.12
101,Elias Olga Peña Mondragón,"Prolongación Norte Navarro 083 Interior 095, Nueva China, MICH 32252",1-964-534-1267x94077,emondragón@live.com,2428.51
104,Sr(a). Guillermina Carrillo,"Corredor Djibouti 714 Interior 909, Vieja Bhután, Q. ROO 68583",900.605.6596,scarrillo@hotmail.com,4766.22
105,Mtro. Eloisa Saldaña,"Circuito Sur Parra 804 Edif. 423 , Depto. 143, Vieja Mónaco, MOR 32485-4388",096.101.7322x427,msaldaña@live.com,4576.51
106,Marisela Heredia Zambrano,"Calzada Sur Naranjo 928 Interior 758, Vieja Fiji, MICH 99940",(457)373-2150,mzambrano@hotmail.com,1511.28
107,Jorge Luis Germán Cedillo Gaytán,"Prolongación Guajardo 728 Edif. 222 , Depto. 270, Nueva Chad, DGO 49315",6064272734,jgaytán@hotmail.com,3629.18
108,Mauro Pedroza,"Callejón Norte Espinosa 116 Interior 729, Nueva Irán, GTO 26794",850-377-1016,mpedroza@live.com,3455.94
110,Minerva Irene Ozuna,"Avenida Sur Sandoval 285 Interior 668, Nueva Samoa, GRO 24458",(855)401-8500x82832,mozuna@hotmail.com,2554.46
111,Mtro. César Mejía,"Pasaje Norte Jurado 885 Edif. 637 , Depto. 294, Vieja Uzbekistán, MOR 60724",+65(7)9929298142,mmejía@hotmail.com,4555.33
112,Octavio Maya Collado,"Eje vial Veracruz de Ignacio de la Llave 888 Interior 221, Nueva Chad, AGS 35192",+44(7)0382006165,ocollado@outlook.com,2839.25
118,Conchita Virginia Palomino,"Pasaje Norte Paredes 508 Interior 588, Nueva El Salvador, QRO 42373",621-819-3335x13947,cpalomino@gmail.com,4857.27
119,Mtro. Diego Farías,"Prolongación Camarillo 113 Interior 842, Vieja Dominicana, TAB 14683",679-712-9120,mfarías@live.com,3273.62
121,Noelia Irizarry,"Viaducto Norte Quintanilla 929 838, Vieja Israel, BC 89697-4921",3098159918,nirizarry@hotmail.com,4019.44
122,Rodrigo Castañeda,"Calle Baja California Sur 293 Interior 372, Vieja Suiza, AGS 66245",(533)025-7466,rcastañeda@live.com,1282.31
123,Lic. Nayeli Caraballo,"Peatonal Querétaro 940 647, Vieja Irlanda, TAMPS 60301-7344",770.627.0159,lcaraballo@outlook.com,1832.13
124,Sr(a). Abril Baeza,"Continuación Norte Valdés 516 Edif. 315 , Depto. 275, Vieja Islas Salomón, HGO 17242",1-972-168-9593x2718,sbaeza@outlook.com,3415.69
125,Israel Amaya,"Ampliación Uganda 593 270, Vieja Suriname, COL 42777-1244",1-310-419-3266x2825,iamaya@hotmail.com,2735.97
126,Conchita Aguirre,"Calle Flórez 361 Interior 589, Nueva Islas Salomón, QRO 50168-7998",+98(1)4803793414,caguirre@live.com,4222.75
127,Marisol Paredes Velásquez,"Circunvalación Acuña 801 241, Nueva Brasil, DGO 66358",465.752.6235,mvelásquez@hotmail.com,4476.98
131,Catalina Amaya,"Periférico Campeche 638 761, Nueva Chile, CHIH 39436",(128)168-9074x96147,camaya@live.com,1502.63
132,Celia Sergio Gurule,"Viaducto Puebla 519 Edif. 793 , Depto. 659, Vieja Nueva Zelandia, SON 31535",1-930-647-6703,cgurule@outlook.com,3781.31
133,Lorenzo León,"Peatonal Sur Puga 089 030, Nueva Barbados, GTO 47047",1-411-352-6212x87177,lleón@outlook.com,2197.33
134,Débora Leonor Soto,"Privada Sur Brito 963 Interior 681, Nueva Kenya, Q. ROO 60009",045-940-3835x790,dsoto@live.com,2374.05
135,Porfirio Abel Soria,"Prolongación de la Fuente 004 Interior 634, Nueva Papua Nueva Guinea, OAX 80959",1-888-193-8429x93490,psoria@outlook.com,1573.56
136,Leticia Arriaga Prado,"Pasaje Norte Solano 113 626, Nueva Grecia, COAH 83327",+38(3)9750075692,lprado@gmail.com,1790.3
137,Santiago Evelio Salazar,"Viaducto Norte Limón 464 089, Vieja Burkina Faso, NAY 36515-1237",239-759-1186x4149,ssalazar@hotmail.com,3533.51
138,Yeni Juan Carlos Ponce Velázquez,"Andador Alcaraz 249 Edif. 552 , Depto. 428, Nueva Argelia, CHIS 39558",251.120.5587,yvelázquez@gmail.com,1260.06
140,Martha Graciela Olvera Mendoza,"Prolongación Sur Salinas 255 Edif. 975 , Depto. 397, Nueva Austria, HGO 85483",(929)625-1276x326,mmendoza@hotmail.com,3715.12
142,Socorro Roybal Pulido,"Eje vial Tamaulipas 876 105, Vieja República Democrática del Congo, SON 94199",(173)679-3554x614,spulido@hotmail.com,3835.86
143,Andrea Francisco Gil,"Andador Sur Rascón 521 Edif. 681 , Depto. 248, Nueva Jamaica, TLAX 73714",813.581.4568x434,agil@outlook.com,1619.98
144,Alejandra Páez,"Corredor Austria 021 Edif. 861 , Depto. 538, Vieja Turquía, SLP 07722-5373",(654)146-4220x97289,apáez@live.com,1476.61
145,Gilberto Rascón,"Calle Haití 179 158, Nueva Australia, MEX 68633-5649",(745)674-9716,grascón@gmail.com,3517.8
152,Dr. Socorro de Anda,"Retorno Hidalgo 689 Interior 469, Vieja Iraq, CAMP 57492-0728",1-500-459-7131x355,danda@gmail.com,2633.67
153,Frida Montaño,"Retorno Norte Collado 577 Edif. 642 , Depto. 490, Nueva Uganda, SIN 83600-4246",835.471.9965x4854,fmontaño@outlook.com,3435.23
154,Mtro. Pablo Muñiz,"Callejón Durango 329 111, Vieja Portugal, COAH 97702",1-296-508-1160x394,mmuñiz@hotmail.com,3142.96
157,Minerva Trinidad Naranjo Pantoja,"Eje vial Veracruz de Ignacio de la Llave 673 980, Vieja Ghana, CHIS 39311-9415",7664918589,mpantoja@outlook.com,2307.45
163,Lourdes Padilla Rubio,"Andador Tlaxcala 869 483, Vieja República Checa, QRO 45310-8194",+47(2)1558680601,lrubio@outlook.com,2851.24
164,José Manuél Rufino Cervántez Cornejo,"Continuación Norte Hurtado 635 Interior 798, Nueva Belarús, CAMP 49307",1-146-558-4386,jcornejo@hotmail.com,2630.92
167,Sandra Mauricio Gil,"Circuito Molina 829 Interior 326, Vieja Malasia, YUC 17693-7543",187.811.3611x3361,sgil@hotmail.com,3564.53
169,Berta Lucas Cantú,"Callejón Georgia 001 Interior 362, Nueva Guinea, SON 91232",054-620-8440,bcantú@gmail.com,1457.26
170,Leonel de Anda Barrientos,"Peatonal Vera 022 Edif. 825 , Depto. 793, Nueva Somalia, VER 53021",(783)166-9888x3275,lbarrientos@outlook.com,1837.56
174,Lic. Aldonza Mejía,"Eje vial Libia 422 433, Nueva Rwanda, BCS 39726",(175)415-0041x54351,lmejía@outlook.com,4072.43
176,Marcos Fajardo Sarabia,"Viaducto Colima 977 Edif. 179 , Depto. 437, Vieja Luxemburgo, VER 46914",(098)635-6196,msarabia@outlook.com,4302.03
177,Sr(a). Ángela Espino,"Boulevard Norte Quiñónez 881 Interior 148, Nueva Antigua y Barbuda, CAMP 08824-6033",779-563-7257,sespino@live.com,2186.27
180,Dr. Felipe Portillo,"Diagonal Baja California Sur 680 Interior 205, Vieja Bosnia y Herzegovina, DF 33235",1-585-580-7357x969,dportillo@outlook.com,1867.74
181,César Pizarro Camarillo,"Calzada San Marino 642 514, Vieja Etiopía, TAB 08840",567-391-3940,ccamarillo@hotmail.com,3684.04
186,Linda Cristina Adame Madrigal,"Privada Nuevo León 168 Interior 735, Vieja Guinea Ecuatorial, VER 94503-7869",(039)788-2343,lmadrigal@live.com,2384.74
188,Agustín Cintrón Alejandro,"Pasaje Jalisco 792 Edif. 637 , Depto. 363, Vieja Filipinas, TLAX 16735-7394",210.310.1724,aalejandro@hotmail.com,1045.04
190,Gilberto Noriega López,"Privada Sur Alfaro 990 360, Nueva Chile, TAB 18295",634-201-0230,glópez@live.com,4010.34
191,Catalina Amanda Montes,"Privada Uruguay 291 280, Nueva República de Corea, MOR 18871",(247)379-0955x964,cmontes@gmail.com,1704.82
194,Adela Itzel Orta,"Cerrada Nuevo León 506 Edif. 537 , Depto. 348, Vieja Italia, HGO 58261-8754",+28(1)7420474530,aorta@live.com,1277.83
195,Norma Vergara,"Corredor Guanajuato 372 Interior 541, Nueva Bangladesh, SIN 44732-7219",1-864-480-6305,nvergara@live.com,2717.48
196,Cynthia Barrera Cardenas,"Diagonal El Salvador 415 Edif. 659 , Depto. 593, Vieja Barbados, Q. ROO 89673",598.550.9344,ccardenas@outlook.com,1570.07
200,Esteban Estrada,"Ampliación San Luis Potosí 645 Interior 885, Nueva Dominicana, GRO 23539-0754",813-233-9584x5288,eestrada@outlook.com,3469.8