ID  ,Nombre                               ,Dirección                                                                                                    ,Número de Teléfono   ,Correo Electrónico      ,Saldo
  1 ,Raúl Genaro Meza Jáquez              ,"Callejón Querétaro 295 Interior 440, San Graciela los altos, VER 10107-9840"                                ,683-464-7813         ,rjáquez@live.com        ,3158.29
  2 ,María Teresa Uriel Granado           ,"Continuación Sur Barrios 039 Edif. 281 , Depto. 910, Vieja Mozambique, CHIS 64421-9711"                     ,416-133-2233x9697    ,mgranado@outlook.com    ,1113.29
  3 ,Ing. Sergio Miranda                  ,"Avenida Galindo 878 471, San Patricia los altos, HGO 79552-0648"                                            ,144.423.3869         ,imiranda@hotmail.com    ,2710.69
  4 ,Sr(a). Bernardo Ortega               ,"Avenida Toledo 791 Edif. 456 , Depto. 366, San Alberto de la Montaña, Q. ROO 45463"                         ,5698985706           ,sortega@hotmail.com     ,2013.58
  5 ,Rosalia Humberto Cordero             ,"Calle Bosnia y Herzegovina 476 Edif. 169 , Depto. 746, Vieja Uzbekistán, BC 64838-1282"                     ,591.685.7017x71991   ,rcordero@live.com       ,3167.48
  6 ,Jorge Aparicio                       ,"Pasaje Nueva Zelandia 084 690, Vieja Islas Marshall, HGO 29103"                                             ,(066)078-1546x1582   ,japaricio@gmail.com     ,3593.15
  7 ,Silvia Cynthia Aponte                ,"Ampliación Escobar 332 216, San Ángela los bajos, BC 21530"                                                 ,1-067-589-4926       ,saponte@outlook.com     ,2143.16
  8 ,Julio César Jaqueline Arriaga Baeza  ,"Diagonal Norte Casárez 892 Edif. 276 , Depto. 027, Vieja Chad, CAMP 61597"                                  ,106-933-3740x6743    ,jbaeza@outlook.com      ,4324.18
  9 ,Miguel Rodríguez                     ,"Avenida Michoacán de Ocampo 790 Interior 883, Nueva República Unida de Tanzanía, CHIH 09117"                ,767.786.2143         ,mrodríguez@hotmail.com  ,4362.9
 10 ,Lic. Pascual Cazares                 ,"Cerrada Pelayo 729 Interior 131, San Perla los bajos, MOR 61812-3824"                                       ,748.519.6483x11682   ,lcazares@outlook.com    ,2827.71
 11 ,Esteban Javier Estévez Corrales      ,"Avenida Campeche 995 Interior 104, Nueva Argentina, DGO 52994-0010"                                         ,996-623-0373x438     ,ecorrales@hotmail.com   ,2028.99
 12 ,Lic. Octavio Véliz                   ,"Periférico Guanajuato 373 Interior 800, San Georgina los altos, MEX 88973-6884"                             ,(069)923-1038x829    ,lvéliz@hotmail.com      ,2457.35
 13 ,Sandra Reina Cervántez               ,"Avenida San Luis Potosí 433 647, Vieja Vietman, Q. ROO 23681-3052"                                          ,336.602.4623x647     ,scervántez@gmail.com    ,4971.42
 14 ,Ricardo Iglesias                     ,"Cerrada Tlaxcala 208 Edif. 873 , Depto. 641, Nueva Federación de Rusia, BCS 13673-0092"                     ,(908)772-1016        ,riglesias@gmail.com     ,4138.72
 15 ,Serafín Esparta Zambrano             ,"Calzada Sonora 573 Edif. 126 , Depto. 355, Vieja Reino Unido de Gran Bretaña e Irlanda del Norte, BC 51685" ,(178)478-8365x3462   ,szambrano@live.com      ,3051.47
 16 ,Ernesto Caridad Rivero Romo          ,"Boulevard Turkmenistán 019 Edif. 213 , Depto. 022, Nueva Guinea Ecuatorial, TAB 10647-5754"                 ,(880)795-1865        ,eromo@live.com          ,1078.08
 17 ,Mtro. Pamela Fuentes                 ,"Eje vial Oaxaca 897 Edif. 015 , Depto. 519, San Esparta los bajos, HGO 44282-1878"                          ,8527185880           ,mfuentes@outlook.com    ,3034.15
 18 ,Esperanza Mariana Cornejo Peña       ,"Andador Norte Moya 578 Edif. 177 , Depto. 077, San Araceli los bajos, SIN 96804"                            ,(196)494-2398        ,epeña@live.com          ,3236.45
 19 ,Cristian Alvaro Estévez              ,"Circunvalación Castellanos 998 461, San Gabino de la Montaña, BC 16190"                                     ,1-371-647-2158x4212  ,cestévez@hotmail.com    ,4783.25
 20 ,Francisca Castañeda Garrido          ,"Continuación Norte Canales 912 Edif. 248 , Depto. 744, Nueva Bahamas, GTO 04144"                            ,1-512-642-1343       ,fgarrido@gmail.com      ,1667.95
 21 ,Ing. Margarita Bravo                 ,"Continuación Coahuila de Zaragoza 538 Edif. 344 , Depto. 902, Nueva Turkmenistán, Q. ROO 53492"             ,525-046-9668         ,ibravo@outlook.com      ,3622.11
 22 ,Eugenio Germán Matías                ,"Calle Mali 824 Interior 736, Vieja Irán, AGS 47650"                                                         ,199-106-4410x6379    ,ematías@hotmail.com     ,3962.95
 23 ,Francisco Javier Godoy               ,"Boulevard Aguascalientes 706 Interior 900, San Patricio de la Montaña, GRO 22471"                           ,+89(9)2674386295     ,fgodoy@hotmail.com      ,1830.27
 24 ,Lic. Frida Reséndez                  ,"Pasaje Tabasco 848 Interior 101, Vieja Suecia, QRO 12480-1218"                                              ,760-303-6826x83111   ,lreséndez@hotmail.com   ,4942.83
 25 ,Arcelia Itzel Manzanares Ybarra      ,"Circunvalación Oaxaca 416 462, Nueva El Salvador, SIN 38002"                                                ,222-333-5310x51956   ,aybarra@gmail.com       ,1437.29
 26 ,Dr. Helena Mateo                     ,"Callejón Grecia 644 Edif. 782 , Depto. 059, San Manuel los altos, BC 63495"                                 ,(146)335-1352x48031  ,dmateo@live.com         ,2321.25
 27 ,Liliana Eloy Rivero                  ,"Privada Porras 250 433, Vieja Noruega, Q. ROO 81628"                                                        ,1-505-627-5971x8541  ,lrivero@gmail.com       ,1289.46
 28 ,Leticia Parra Maldonado              ,"Circuito Campeche 324 Edif. 560 , Depto. 002, San Margarita los bajos, VER 00665-7388"                      ,(412)293-3591        ,lmaldonado@gmail.com    ,1086.78
 29 ,Rubén Paz                            ,"Circunvalación Campeche 637 Interior 388, San Alfonso los altos, PUE 76208"                                 ,8684376882           ,rpaz@live.com           ,1520.42
 30 ,Ángel Benítez                        ,"Cerrada Nayarit 275 Edif. 058 , Depto. 880, Vieja Liberia, SIN 74197-1657"                                  ,2814854527           ,ábenítez@gmail.com      ,2919.71
 31 ,Antonia Brito                        ,"Callejón Michoacán de Ocampo 695 287, San Humberto los bajos, GRO 03535-0552"                               ,3587570085           ,abrito@hotmail.com      ,2081.74
 32 ,Liliana Dolores Feliciano            ,"Avenida Santana 074 Interior 019, Nueva Togo, ZAC 72710-7552"                                               ,362.509.1373         ,lfeliciano@live.com     ,2430.76
 33 ,Conchita Ceja Mata                   ,"Ampliación Nayarit 301 626, Nueva Kuwait, ZAC 51140"                                                        ,+80(4)7201499039     ,cmata@outlook.com       ,3997.95
 34 ,Lilia Pelayo Sauceda                 ,"Circunvalación Mesa 047 Edif. 621 , Depto. 008, Vieja Mali, OAX 64320-3362"                                 ,(401)531-6549x40669  ,lsauceda@live.com       ,1902.72
 35 ,Sr(a). Silvia Echeverría             ,"Retorno Togo 137 Interior 268, Nueva Eslovaquia, MICH 31885"                                                ,3833955209           ,secheverría@gmail.com   ,3146.52
 36 ,Abel Germán Santacruz                ,"Peatonal Norte Saldivar 072 372, Nueva Japón, ZAC 99777-7865"                                               ,(325)492-2033x2657   ,asantacruz@hotmail.com  ,3810.79
 37 ,Mtro. Espartaco Munguía              ,"Calzada Rangel 891 Interior 156, Vieja Tailandia, BC 15356"                                                 ,+35(3)2571072835     ,mmunguía@outlook.com    ,1246.9
 38 ,Javier Evelio Madera                 ,"Avenida México 924 Edif. 288 , Depto. 504, San César los bajos, VER 24004-2831"                             ,(056)412-6104x76418  ,jmadera@gmail.com       ,1296.44
 39 ,Dulce María Olga Ulibarri            ,"Ampliación Coahuila de Zaragoza 125 Edif. 778 , Depto. 955, Nueva Rumania, GTO 27372"                       ,1-165-384-5472       ,dulibarri@gmail.com     ,1283.34
 40 ,Norma Alicia Meza                    ,"Circunvalación Togo 053 580, Nueva República Checa, SIN 84673-8405"                                         ,(009)820-3567        ,nmeza@gmail.com         ,3998.93
 41 ,Manuel Nájera                        ,"Avenida Reyes 725 637, San Jesús los altos, MOR 95449-5474"                                                 ,693.185.9357x28403   ,mnájera@hotmail.com     ,1653.35
 42 ,Andrea Sonia de la Fuente            ,"Ampliación Aguascalientes 142 Edif. 718 , Depto. 022, San Micaela de la Montaña, YUC 68000"                 ,1-855-518-2750x8399  ,afuente@hotmail.com     ,1414.43
 43 ,Catalina Aurora Meraz                ,"Peatonal Micronesia 351 312, Nueva Burundi, CAMP 56715-8160"                                                ,1-977-788-9176x8375  ,cmeraz@outlook.com      ,4886.35
 44 ,José Luis Margarita Ybarra           ,"Continuación Baja California Sur 804 Edif. 794 , Depto. 953, San Isaac los bajos, MOR 81699"                ,2071904771           ,jybarra@gmail.com       ,1600.37
 45 ,Sr(a). Esmeralda Tejada              ,"Continuación Colima 334 Interior 666, San Marisol los bajos, ZAC 32947-1681"                                ,(775)485-1566x373    ,stejada@live.com        ,2053.2
 46 ,Carla Andrea Delgadillo              ,"Diagonal Norte Montoya 370 997, Vieja República Popular Democrática de Corea, GTO 06350-8643"               ,558.080.7330x40790   ,cdelgadillo@live.com    ,3737.18
 47 ,Lic. Dolores Gastélum                ,"Diagonal Sur Puga 549 Edif. 310 , Depto. 191, San Adán de la Montaña, TAMPS 78806"                          ,132.502.3949         ,lgastélum@live.com      ,1880.62
 48 ,Sr(a). Gerónimo Gallardo             ,"Boulevard Enríquez 318 Interior 165, San Angélica los bajos, VER 87446-9760"                                ,1-857-095-8819x823   ,sgallardo@live.com      ,3978
 49 ,Nancy Olivia Hurtado Saldaña         ,"Calle Italia 929 856, Vieja Bhután, MOR 41395-0568"                                                         ,(470)088-2041x00833  ,nsaldaña@gmail.com      ,3294.47
 50 ,Perla Rentería de Jesús              ,"Circunvalación Tlaxcala 710 Edif. 765 , Depto. 529, Nueva Singapur, NAY 51059"                              ,1-044-609-5740       ,pjesús@live.com         ,3560.83
 51 ,Nelly Salma Medina                   ,"Pasaje Norte Valenzuela 421 Interior 291, Vieja Sudán del Sur, GTO 12354-8332"                              ,197-088-7625         ,nmedina@hotmail.com     ,3144
 52 ,Sergio Hinojosa Lugo                 ,"Peatonal Quintana Roo 147 127, Vieja República de Corea, NAY 43594-9327"                                    ,1-309-223-4127       ,slugo@hotmail.com       ,2022.01
 53 ,Ilse Bianca Puente Arias             ,"Boulevard Finlandia 637 Edif. 802 , Depto. 884, San Irma de la Montaña, BCS 68730-1250"                     ,1-074-602-6785       ,iarias@outlook.com      ,3585.9
 54 ,Héctor Vázquez                       ,"Avenida Peña 158 Edif. 816 , Depto. 278, San Adán de la Montaña, COAH 05554-8803"                           ,999-344-5686x130     ,hvázquez@outlook.com    ,1674.46
 55 ,Jos Moreno Avilés                    ,"Ampliación Belice 965 Interior 616, Vieja Venezuela, JAL 62477-9060"                                        ,033.048.6102         ,javilés@hotmail.com     ,2975.16
 56 ,Julia Berríos Alvarez                ,"Retorno Sur Vallejo 114 Interior 544, San Luis los bajos, MICH 89503"                                       ,251-253-4063         ,jalvarez@live.com       ,3067.37
 57 ,Sr(a). Gloria Botello                ,"Ampliación Zacatecas 156 Edif. 800 , Depto. 006, Nueva Samoa, HGO 30818"                                    ,648.768.0646         ,sbotello@live.com       ,4543.53
 58 ,Rosalia Abreu                        ,"Andador Sur Escalante 189 Edif. 653 , Depto. 475, San Amador de la Montaña, DF 50993-2172"                  ,227.526.0979x92162   ,rabreu@outlook.com      ,2691.7
 59 ,Úrsula César Valentín                ,"Callejón Guerrero 115 Edif. 140 , Depto. 822, Nueva Alemania, YUC 50669"                                    ,(426)849-2534        ,úvalentín@live.com      ,3840.95
 60 ,Barbara Lucía Batista                ,"Ampliación de la Torre 978 Interior 527, Nueva Indonesia, OAX 84481-7201"                                   ,1-346-025-0072       ,bbatista@outlook.com    ,2175.67
 61 ,Óliver Valladares                    ,"Corredor Carrillo 438 Edif. 590 , Depto. 731, San Wilfrido los bajos, QRO 88822-5964"                       ,4342799544           ,óvalladares@live.com    ,2407.52
 62 ,Estela Graciela Cervántez Cano       ,"Retorno Perú 987 376, San Mayte los bajos, CAMP 44247"                                                      ,(317)458-3186x45239  ,ecano@live.com          ,4240.75
 63 ,Paola María José Tamez Enríquez      ,"Avenida Zedillo 135 Edif. 768 , Depto. 201, Nueva Zambia, GRO 15083-7211"                                   ,577.504.6594x916     ,penríquez@hotmail.com   ,4891.5
 64 ,Mario Velázquez                      ,"Prolongación Sur Ceballos 018 Interior 383, San Socorro de la Montaña, TLAX 10464-6438"                     ,+58(0)6792715851     ,mvelázquez@gmail.com    ,3035.22
 65 ,Lic. Raquel Figueroa                 ,"Privada Quintero 016 Edif. 410 , Depto. 359, San Wilfrido los bajos, JAL 58892"                             ,(938)735-4396        ,lfigueroa@outlook.com   ,2479.89
 66 ,Eloy Fabiola Briones                 ,"Peatonal Acuña 640 Edif. 814 , Depto. 133, San Ramón los bajos, Q. ROO 23603-6420"                          ,(139)181-3503        ,ebriones@hotmail.com    ,1685.23
 67 ,Hernán Jaime Arreola                 ,"Pasaje Norte Arguello 855 Interior 069, San Mercedes los bajos, OAX 85717-7043"                             ,774.602.8344x7596    ,harreola@hotmail.com    ,3900.32
 68 ,Gabriela Ledesma                     ,"Avenida Tamaulipas 231 Edif. 455 , Depto. 620, Nueva Kenya, SLP 82498-1430"                                 ,(069)227-6131x471    ,gledesma@live.com       ,1832.45
 69 ,Ing. Omar Batista                    ,"Viaducto República Democrática del Congo 203 Edif. 263 , Depto. 241, San Yolanda los bajos, DF 72171"       ,(892)461-0203x5684   ,ibatista@gmail.com      ,1593.94
 70 ,Salvador Téllez Barela               ,"Continuación Chihuahua 577 Edif. 263 , Depto. 365, San Cristina los bajos, COL 49304"                       ,737.875.7112x84274   ,sbarela@gmail.com       ,2507.56
 71 ,Germán López                         ,"Circunvalación San Luis Potosí 002 178, San Jaqueline los bajos, BC 66324"                                  ,+18(1)5145292369     ,glópez@gmail.com        ,1143.28
 72 ,Óscar Homero Armenta Méndez          ,"Andador Montenegro 364 Edif. 536 , Depto. 709, San Antonia los altos, DGO 81156"                            ,+12(4)6536206792     ,óméndez@gmail.com       ,2720.74
 73 ,María José Pulido Narváez            ,"Prolongación Jalisco 883 Interior 766, San Olga los bajos, QRO 12978-4720"                                  ,562.825.7940x70023   ,mnarváez@gmail.com      ,3764.46
 74 ,Flavio Teresa Mascareñas             ,"Retorno Guanajuato 590 Edif. 291 , Depto. 520, San Eva los bajos, BC 63336"                                 ,1-661-855-5931x8010  ,fmascareñas@live.com    ,4189.87
 75 ,Jacinto Ontiveros Piña               ,"Corredor Dávila 706 Edif. 619 , Depto. 373, Vieja Lesotho, CHIS 69829"                                      ,1-844-598-6481x7865  ,jpiña@outlook.com       ,2693.72
 76 ,Amelia Elena Baca                    ,"Circuito Norte Perales 853 Interior 623, San Esmeralda de la Montaña, MEX 87233"                            ,202-697-1378         ,abaca@gmail.com         ,1318.94
 77 ,Julia Aguilar                        ,"Andador Guanajuato 555 Interior 388, San Ángela los bajos, QRO 03975-7731"                                  ,+05(4)5265731049     ,jaguilar@live.com       ,1922.78
 78 ,Estefanía Susana Núñez Molina        ,"Pasaje Lituania 099 909, Nueva Perú, CAMP 41079-4014"                                                       ,623.942.7891x440     ,emolina@gmail.com       ,4619.04
 79 ,Leonel Concepción Reyes              ,"Periférico Oaxaca 957 Interior 367, San Mayte de la Montaña, OAX 65011-8054"                                ,787-101-7347x986     ,lreyes@live.com         ,4490
 80 ,Barbara José Luis Grijalva Huerta    ,"Retorno Ucrania 677 097, San Federico los altos, GTO 91531"                                                 ,5373823797           ,bhuerta@live.com        ,3305.09
 81 ,Aldo Patricia Aguilar Flórez         ,"Corredor Nuevo León 222 308, San Aldonza los bajos, MOR 23489"                                              ,3189807812           ,aflórez@live.com        ,2433.59
 82 ,Concepción Nelly Robles              ,"Diagonal Mozambique 202 Interior 687, San Abel los altos, DF 87626"                                         ,1-726-901-5776       ,crobles@outlook.com     ,1034.11
 83 ,Alonso Luna Enríquez                 ,"Peatonal República Centroafricana 019 496, Nueva Bosnia y Herzegovina, YUC 32802-7742"                      ,+67(6)2828909615     ,aenríquez@hotmail.com   ,1860.54
 84 ,Dr. Mauro Acevedo                    ,"Peatonal Sur Villegas 788 992, San Felix los bajos, QRO 42858"                                              ,1-105-082-9741       ,dacevedo@outlook.com    ,2393.75
 85 ,Sr(a). Elvira Raya                   ,"Periférico Eslovaquia 427 Edif. 744 , Depto. 139, San José Luis los bajos, GTO 39338-6843"                  ,220-454-9324x73579   ,sraya@hotmail.com       ,1364.17
 86 ,Julia Vaca Márquez                   ,"Pasaje Indonesia 809 Edif. 936 , Depto. 781, San Emilio de la Montaña, MOR 85199-6682"                      ,292-200-9433x96302   ,jmárquez@outlook.com    ,1204.04
 87 ,Guillermina Cristian Olmos           ,"Cerrada Quintana 149 Interior 382, Vieja Guinea Ecuatorial, TLAX 23720"                                     ,853-109-7063         ,golmos@live.com         ,4250.96
 88 ,Ramiro Jorge Luis Caraballo          ,"Callejón Puebla 156 504, Nueva Indonesia, CHIS 63646-6233"                                                  ,(293)664-2425        ,rcaraballo@hotmail.com  ,2962.84
 89 ,Abril Barrios Abreu                  ,"Privada Campeche 123 Interior 618, Vieja Zambia, AGS 76620-4749"                                            ,(803)156-9964x3890   ,aabreu@hotmail.com      ,3204.12
 90 ,Cristina Rodríguez Jasso             ,"Periférico Norte Noriega 592 Edif. 604 , Depto. 728, Vieja Nueva Zelandia, GRO 09592-4490"                  ,668.518.3955x9513    ,cjasso@hotmail.com      ,3481.32
 91 ,Ing. Georgina Mateo                  ,"Continuación Sur Trujillo 061 Edif. 143 , Depto. 790, San Teresa de la Montaña, MICH 93945"                 ,(197)595-8419x15939  ,imateo@live.com         ,2926.9
 92 ,Lucía Eduardo Juárez                 ,"Continuación Jaramillo 477 Interior 305, San Clara los altos, COL 60074"                                    ,992-064-8188x854     ,ljuárez@outlook.com     ,1612.12
 93 ,Elisa Valles                         ,"Periférico Norte Sepúlveda 569 Edif. 849 , Depto. 461, San Noemí de la Montaña, TLAX 24908-0390"            ,1-001-020-6324x0307  ,evalles@gmail.com       ,2976
 94 ,Uriel Iglesias                       ,"Ampliación Namibia 971 709, Nueva Chad, CHIS 27611"                                                         ,333-144-4384         ,uiglesias@live.com      ,4939.57
 95 ,Lic. Josefina Alemán                 ,"Calzada Norte Collazo 156 267, Nueva Turkmenistán, CHIS 21734"                                              ,1-753-798-8172x303   ,lalemán@outlook.com     ,1168.93
 96 ,Karina Manzanares Bravo              ,"Calle Chiapas 899 824, Nueva Congo, OAX 85900"                                                              ,6801405516           ,kbravo@hotmail.com      ,4867.86
 97 ,Ivonne Olivas                        ,"Andador Norte Carbajal 298 046, Nueva Polonia, SON 60155"                                                   ,1-603-247-5549x3160  ,iolivas@hotmail.com     ,4332.97
 98 ,Isaac Velázquez                      ,"Ampliación Montemayor 840 Interior 810, San Judith de la Montaña, DGO 07942"                                ,(088)471-4989x11190  ,ivelázquez@gmail.com    ,3741.98
 99 ,Sr(a). Timoteo Curiel                ,"Continuación Norte Gaytán 304 Interior 777, San Elvira los bajos, MICH 79078-3871"                          ,1-309-553-6246x59170 ,scuriel@hotmail.com     ,1250.48
100 ,Juan Carlos Nancy Villalobos         ,"Cerrada Norte Nieto 863 638, Vieja Estonia, BCS 87309-8348"                                                 ,032-875-2828x09337   ,jvillalobos@gmail.com   ,2027.12
101 ,Elias Olga Peña Mondragón            ,"Prolongación Norte Navarro 083 Interior 095, Nueva China, MICH 32252"                                       ,1-964-534-1267x94077 ,emondragón@live.com     ,2428.51
102 ,Laura Cecilia Haro Espinal           ,"Avenida Jalisco 004 Edif. 739 , Depto. 169, San Catalina los bajos, COAH 57343"                             ,070-592-3600         ,lespinal@live.com       ,1121.19
103 ,Judith Soliz                         ,"Circuito Sur Alva 095 Edif. 002 , Depto. 595, San Rocío de la Montaña, BCS 01934-9865"                      ,675-711-3518x8821    ,jsoliz@hotmail.com      ,1339.53
104 ,Sr(a). Guillermina Carrillo          ,"Corredor Djibouti 714 Interior 909, Vieja Bhután, Q. ROO 68583"                                             ,900.605.6596         ,scarrillo@hotmail.com   ,4766.22
105 ,Mtro. Eloisa Saldaña                 ,"Circuito Sur Parra 804 Edif. 423 , Depto. 143, Vieja Mónaco, MOR 32485-4388"                                ,096.101.7322x427     ,msaldaña@live.com       ,4576.51
106 ,Marisela Heredia Zambrano            ,"Calzada Sur Naranjo 928 Interior 758, Vieja Fiji, MICH 99940"                                               ,(457)373-2150        ,mzambrano@hotmail.com   ,1511.28
107 ,Jorge Luis Germán Cedillo Gaytán     ,"Prolongación Guajardo 728 Edif. 222 , Depto. 270, Nueva Chad, DGO 49315"                                    ,6064272734           ,jgaytán@hotmail.com     ,3629.18
108 ,Mauro Pedroza                        ,"Callejón Norte Espinosa 116 Interior 729, Nueva Irán, GTO 26794"                                            ,850-377-1016         ,mpedroza@live.com       ,3455.94
109 ,Ing. Silvia Fuentes                  ,"Andador República de Corea 915 Interior 364, San Pamela los bajos, OAX 43643"                               ,7083810118           ,ifuentes@outlook.com    ,4597.48
110 ,Minerva Irene Ozuna                  ,"Avenida Sur Sandoval 285 Interior 668, Nueva Samoa, GRO 24458"                                              ,(855)401-8500x82832  ,mozuna@hotmail.com      ,2554.46
111 ,Mtro. César Mejía                    ,"Pasaje Norte Jurado 885 Edif. 637 , Depto. 294, Vieja Uzbekistán, MOR 60724"                                ,+65(7)9929298142     ,mmejía@hotmail.com      ,4555.33
112 ,Octavio Maya Collado                 ,"Eje vial Veracruz de Ignacio de la Llave 888 Interior 221, Nueva Chad, AGS 35192"                           ,+44(7)0382006165     ,ocollado@outlook.com    ,2839.25
113 ,Nancy Diana Salinas                  ,"Peatonal Zúñiga 101 Edif. 845 , Depto. 567, San Rebeca los bajos, Q. ROO 67617-3793"                        ,313-676-4021x9285    ,nsalinas@live.com       ,2812.39
114 ,Ing. Martín Córdova                  ,"Avenida Dávila 745 711, San Inés de la Montaña, PUE 13273"                                                  ,313-438-0043x0648    ,icórdova@gmail.com      ,4563.75
115 ,Aldo Luna Santana                    ,"Viaducto Norte Muñoz 182 272, San Luis los bajos, DGO 88540-5904"                                           ,476-330-9710x6171    ,asantana@gmail.com      ,3000.53
116 ,Jaqueline Fernando Heredia           ,"Retorno Veracruz de Ignacio de la Llave 539 Edif. 844 , Depto. 371, San Esperanza los bajos, BC 05002"      ,(156)180-1320        ,jheredia@hotmail.com    ,3713.14
117 ,Abigail Garrido                      ,"Pasaje Serrano 931 928, San Abril los bajos, NL 45126"                                                      ,1-192-146-5963x89471 ,agarrido@outlook.com    ,3071.15
118 ,Conchita Virginia Palomino           ,"Pasaje Norte Paredes 508 Interior 588, Nueva El Salvador, QRO 42373"                                        ,621-819-3335x13947   ,cpalomino@gmail.com     ,4857.27
119 ,Mtro. Diego Farías                   ,"Prolongación Camarillo 113 Interior 842, Vieja Dominicana, TAB 14683"                                       ,679-712-9120         ,mfarías@live.com        ,3273.62
120 ,Trinidad Jaqueline Nájera            ,"Calle Japón 022 698, San Beatriz los altos, SLP 48027"                                                      ,942.912.4641x892     ,tnájera@outlook.com     ,4515.19
121 ,Noelia Irizarry                      ,"Viaducto Norte Quintanilla 929 838, Vieja Israel, BC 89697-4921"                                            ,3098159918           ,nirizarry@hotmail.com   ,4019.44
122 ,Rodrigo Castañeda                    ,"Calle Baja California Sur 293 Interior 372, Vieja Suiza, AGS 66245"                                         ,(533)025-7466        ,rcastañeda@live.com     ,1282.31
123 ,Lic. Nayeli Caraballo                ,"Peatonal Querétaro 940 647, Vieja Irlanda, TAMPS 60301-7344"                                                ,770.627.0159         ,lcaraballo@outlook.com  ,1832.13
124 ,Sr(a). Abril Baeza                   ,"Continuación Norte Valdés 516 Edif. 315 , Depto. 275, Vieja Islas Salomón, HGO 17242"                       ,1-972-168-9593x2718  ,sbaeza@outlook.com      ,3415.69
125 ,Israel Amaya                         ,"Ampliación Uganda 593 270, Vieja Suriname, COL 42777-1244"                                                  ,1-310-419-3266x2825  ,iamaya@hotmail.com      ,2735.97
126 ,Conchita Aguirre                     ,"Calle Flórez 361 Interior 589, Nueva Islas Salomón, QRO 50168-7998"                                         ,+98(1)4803793414     ,caguirre@live.com       ,4222.75
127 ,Marisol Paredes Velásquez            ,"Circunvalación Acuña 801 241, Nueva Brasil, DGO 66358"                                                      ,465.752.6235         ,mvelásquez@hotmail.com  ,4476.98
128 ,Miriam Valenzuela                    ,"Andador Guanajuato 555 Interior 388, San Ángela los bajos, QRO 03975-7731"                                  ,+05(4)5265731049     ,mvalenzuela@hotmail.com ,3594.2
129 ,Gustavo Violeta Garica               ,"Privada Sur González 576 Interior 532, San Olivia los altos, OAX 19820"                                     ,675-416-3260         ,ggarica@hotmail.com     ,4694.08
130 ,Mtro. María Eugenia Contreras        ,"Periférico Mascareñas 876 Edif. 983 , Depto. 029, San Jorge de la Montaña, NL 90803"                        ,(625)341-6462x9450   ,mcontreras@live.com     ,3398.73
131 ,Catalina Amaya                       ,"Periférico Campeche 638 761, Nueva Chile, CHIH 39436"                                                       ,(128)168-9074x96147  ,camaya@live.com         ,1502.63
132 ,Celia Sergio Gurule                  ,"Viaducto Puebla 519 Edif. 793 , Depto. 659, Vieja Nueva Zelandia, SON 31535"                                ,1-930-647-6703       ,cgurule@outlook.com     ,3781.31
133 ,Lorenzo León                         ,"Peatonal Sur Puga 089 030, Nueva Barbados, GTO 47047"                                                       ,1-411-352-6212x87177 ,lleón@outlook.com       ,2197.33
134 ,Débora Leonor Soto                   ,"Privada Sur Brito 963 Interior 681, Nueva Kenya, Q. ROO 60009"                                              ,045-940-3835x790     ,dsoto@live.com          ,2374.05
135 ,Porfirio Abel Soria                  ,"Prolongación de la Fuente 004 Interior 634, Nueva Papua Nueva Guinea, OAX 80959"                            ,1-888-193-8429x93490 ,psoria@outlook.com      ,1573.56
136 ,Leticia Arriaga Prado                ,"Pasaje Norte Solano 113 626, Nueva Grecia, COAH 83327"                                                      ,+38(3)9750075692     ,lprado@gmail.com        ,1790.3
137 ,Santiago Evelio Salazar              ,"Viaducto Norte Limón 464 089, Vieja Burkina Faso, NAY 36515-1237"                                           ,239-759-1186x4149    ,ssalazar@hotmail.com    ,3533.51
138 ,Yeni Juan Carlos Ponce Velázquez     ,"Andador Alcaraz 249 Edif. 552 , Depto. 428, Nueva Argelia, CHIS 39558"                                      ,251.120.5587         ,yvelázquez@gmail.com    ,1260.06
139 ,Lic. Karla Terrazas                  ,"Continuación Briseño 916 Edif. 040 , Depto. 029, San Teodoro los altos, NL 45282-3813"                      ,263.292.4951x7388    ,lterrazas@outlook.com   ,2228.25
140 ,Martha Graciela Olvera Mendoza       ,"Prolongación Sur Salinas 255 Edif. 975 , Depto. 397, Nueva Austria, HGO 85483"                              ,(929)625-1276x326    ,mmendoza@hotmail.com    ,3715.12
141 ,Mtro. Verónica Nazario               ,"Callejón Norte Ayala 833 Interior 368, San Emiliano los bajos, SIN 62714"                                   ,1-150-345-9791       ,mnazario@outlook.com    ,1426.09
142 ,Socorro Roybal Pulido                ,"Eje vial Tamaulipas 876 105, Vieja República Democrática del Congo, SON 94199"                              ,(173)679-3554x614    ,spulido@hotmail.com     ,3835.86
143 ,Andrea Francisco Gil                 ,"Andador Sur Rascón 521 Edif. 681 , Depto. 248, Nueva Jamaica, TLAX 73714"                                   ,813.581.4568x434     ,agil@outlook.com        ,1619.98
144 ,Alejandra Páez                       ,"Corredor Austria 021 Edif. 861 , Depto. 538, Vieja Turquía, SLP 07722-5373"                                 ,(654)146-4220x97289  ,apáez@live.com          ,1476.61
145 ,Gilberto Rascón                      ,"Calle Haití 179 158, Nueva Australia, MEX 68633-5649"                                                       ,(745)674-9716        ,grascón@gmail.com       ,3517.8
146 ,Clemente José Mateo Rangel           ,"Corredor Chihuahua 168 346, San Yuridia los altos, COAH 31053"                                              ,234-580-2733         ,crangel@outlook.com     ,2677.95
147 ,Rosa Eric Villaseñor                 ,"Cerrada Norte Rodríguez 811 Interior 151, San Ana de la Montaña, COL 81207"                                 ,(819)027-7756x3502   ,rvillaseñor@gmail.com   ,2230.66
148 ,Felipe Aurelio Perales del Valle     ,"Continuación Querétaro 456 Edif. 987 , Depto. 578, San Ernesto los bajos, GRO 49827-2143"                   ,741-854-1517x98738   ,fvalle@hotmail.com      ,1310.47
149 ,Irene Preciado                       ,"Retorno Sur Arellano 192 813, San Gerardo los altos, QRO 61760"                                             ,1-942-869-3320x66905 ,ipreciado@gmail.com     ,2856.27
150 ,Mariana Ozuna Gallardo               ,"Retorno Quintana Roo 754 Interior 681, San Gerardo los altos, QRO 33931"                                    ,1-957-188-8101       ,mgallardo@hotmail.com   ,2133.37
151 ,Agustín Oswaldo Colunga Castillo     ,"Diagonal Italia 891 Edif. 921 , Depto. 160, San Octavio los bajos, CHIH 51407"                              ,8335624050           ,acastillo@gmail.com     ,4604.49
152 ,Dr. Socorro de Anda                  ,"Retorno Hidalgo 689 Interior 469, Vieja Iraq, CAMP 57492-0728"                                              ,1-500-459-7131x355   ,danda@gmail.com         ,2633.67
153 ,Frida Montaño                        ,"Retorno Norte Collado 577 Edif. 642 , Depto. 490, Nueva Uganda, SIN 83600-4246"                             ,835.471.9965x4854    ,fmontaño@outlook.com    ,3435.23
154 ,Mtro. Pablo Muñiz                    ,"Callejón Durango 329 111, Vieja Portugal, COAH 97702"                                                       ,1-296-508-1160x394   ,mmuñiz@hotmail.com      ,3142.96
155 ,Florencia García Jurado              ,"Pasaje Norte Llamas 276 890, San Claudia de la Montaña, GTO 86996-1132"                                     ,9300516509           ,fjurado@gmail.com       ,2850.42
156 ,Clara Eric Salazar                   ,"Calzada Sur Casares 412 110, San Mayte de la Montaña, CHIH 06865-0811"                                      ,(074)657-8520x476    ,csalazar@outlook.com    ,3355.85
157 ,Minerva Trinidad Naranjo Pantoja     ,"Eje vial Veracruz de Ignacio de la Llave 673 980, Vieja Ghana, CHIS 39311-9415"                             ,7664918589           ,mpantoja@outlook.com    ,2307.45
158 ,Elvira Mejía Alvarado                ,"Avenida Sur Verduzco 224 647, San Rodolfo los bajos, COAH 59697-0616"                                       ,698.738.9915         ,ealvarado@live.com      ,3315.96
159 ,Trinidad Alva                        ,"Periférico España 773 Edif. 673 , Depto. 563, San Jesús de la Montaña, GTO 02036"                           ,882.979.1296         ,talva@live.com          ,2735.65
160 ,José María Fernández Ramos           ,"Circunvalación Morales 597 Edif. 827 , Depto. 934, San Agustín los altos, MEX 99056"                        ,929.467.3864x042     ,jramos@live.com         ,3276.02
161 ,Mateo Óliver Rentería                ,"Calle Borrego 495 Interior 096, San Hermelinda los bajos, COAH 00735-7640"                                  ,(826)135-5342x45862  ,mrentería@gmail.com     ,1138.99
162 ,Bernardo María Eugenia Mares         ,"Callejón Lebrón 581 Interior 484, San Leonel los bajos, PUE 78961-7171"                                     ,(122)097-0138x426    ,bmares@gmail.com        ,4701.82
163 ,Lourdes Padilla Rubio                ,"Andador Tlaxcala 869 483, Vieja República Checa, QRO 45310-8194"                                            ,+47(2)1558680601     ,lrubio@outlook.com      ,2851.24
164 ,José Manuél Rufino Cervántez Cornejo ,"Continuación Norte Hurtado 635 Interior 798, Nueva Belarús, CAMP 49307"                                     ,1-146-558-4386       ,jcornejo@hotmail.com    ,2630.92
165 ,Jorge Huerta                         ,"Retorno Sur Jaimes 753 Interior 310, San Joaquín los bajos, YUC 23700"                                      ,(387)085-0786        ,jhuerta@outlook.com     ,1173.32
166 ,Octavio Domínguez Ramírez            ,"Circunvalación Belice 923 573, San Olga de la Montaña, GTO 87590-2316"                                      ,630.168.5646x198     ,oramírez@live.com       ,3485.53
167 ,Sandra Mauricio Gil                  ,"Circuito Molina 829 Interior 326, Vieja Malasia, YUC 17693-7543"                                            ,187.811.3611x3361    ,sgil@hotmail.com        ,3564.53
168 ,Frida Isabel Valle                   ,"Corredor San Luis Potosí 197 Edif. 035 , Depto. 151, San Irene los bajos, YUC 91317-0113"                   ,1-209-756-6403x51605 ,fvalle@gmail.com        ,2743.91
169 ,Berta Lucas Cantú                    ,"Callejón Georgia 001 Interior 362, Nueva Guinea, SON 91232"                                                 ,054-620-8440         ,bcantú@gmail.com        ,1457.26
170 ,Leonel de Anda Barrientos            ,"Peatonal Vera 022 Edif. 825 , Depto. 793, Nueva Somalia, VER 53021"                                         ,(783)166-9888x3275   ,lbarrientos@outlook.com ,1837.56
171 ,José Manuél Garibay Anguiano         ,"Retorno Norte Haro 451 125, San Espartaco de la Montaña, MICH 52115"                                        ,478.709.0800x37217   ,janguiano@hotmail.com   ,1492.41
172 ,Laura Valdez Hidalgo                 ,"Calzada Bosnia y Herzegovina 534 Edif. 185 , Depto. 764, San Ricardo de la Montaña, COAH 61487"             ,014-652-2239x92336   ,lhidalgo@outlook.com    ,3331.12
173 ,Mtro. Lilia Tafoya                   ,"Boulevard Sotelo 348 034, San Enrique los bajos, OAX 96503-2823"                                            ,814-970-9447x4427    ,mtafoya@gmail.com       ,3810.2
174 ,Lic. Aldonza Mejía                   ,"Eje vial Libia 422 433, Nueva Rwanda, BCS 39726"                                                            ,(175)415-0041x54351  ,lmejía@outlook.com      ,4072.43
175 ,Ilse Porfirio Casares Concepción     ,"Eje vial Zacatecas 122 Interior 467, San Noelia los altos, COAH 58623"                                      ,1-567-203-9317       ,iconcepción@outlook.com ,3112.9
176 ,Marcos Fajardo Sarabia               ,"Viaducto Colima 977 Edif. 179 , Depto. 437, Vieja Luxemburgo, VER 46914"                                    ,(098)635-6196        ,msarabia@outlook.com    ,4302.03
177 ,Sr(a). Ángela Espino                 ,"Boulevard Norte Quiñónez 881 Interior 148, Nueva Antigua y Barbuda, CAMP 08824-6033"                        ,779-563-7257         ,sespino@live.com        ,2186.27
178 ,Sandra Delia Casares Mateo           ,"Periférico Sur Vásquez 932 890, San Luis Manuel los altos, MOR 98074"                                       ,+13(9)5674543678     ,smateo@outlook.com      ,2548.63
179 ,Mónica Acosta                        ,"Prolongación Aguascalientes 810 Edif. 204 , Depto. 524, San Reina los altos, NAY 91834"                     ,120-644-3950x42728   ,macosta@live.com        ,3611.94
180 ,Dr. Felipe Portillo                  ,"Diagonal Baja California Sur 680 Interior 205, Vieja Bosnia y Herzegovina, DF 33235"                        ,1-585-580-7357x969   ,dportillo@outlook.com   ,1867.74
181 ,César Pizarro Camarillo              ,"Calzada San Marino 642 514, Vieja Etiopía, TAB 08840"                                                       ,567-391-3940         ,ccamarillo@hotmail.com  ,3684.04
182 ,Humberto Magdalena Lomeli            ,"Avenida Yemen 536 Interior 595, San Frida los bajos, HGO 92657-6060"                                        ,238.360.1258         ,hlomeli@hotmail.com     ,4225.37
183 ,Esparta Eduardo Rangel               ,"Prolongación Ríos 939 801, San Eva los bajos, NL 66510-1960"                                                ,1-136-906-0251       ,erangel@gmail.com       ,4995.22
184 ,Sr(a). Rubén Carrillo                ,"Calle Norte Cardenas 096 073, San Ruby los altos, NAY 30619"                                                ,353.505.5784x43203   ,scarrillo@live.com      ,1612.61
185 ,Victoria Omar Santacruz Elizondo     ,"Andador Guanajuato 555 Interior 388, San Ángela los bajos, QRO 03975-7731"                                  ,+05(4)5265731049     ,velizondo@hotmail.com   ,2128.44
186 ,Linda Cristina Adame Madrigal        ,"Privada Nuevo León 168 Interior 735, Vieja Guinea Ecuatorial, VER 94503-7869"                               ,(039)788-2343        ,lmadrigal@live.com      ,2384.74
187 ,Noelia Zapata                        ,"Andador Federación de Rusia 917 Edif. 816 , Depto. 669, San Gerónimo los bajos, PUE 78102"                  ,264.439.7878         ,nzapata@hotmail.com     ,3552.83
188 ,Agustín Cintrón Alejandro            ,"Pasaje Jalisco 792 Edif. 637 , Depto. 363, Vieja Filipinas, TLAX 16735-7394"                                ,210.310.1724         ,aalejandro@hotmail.com  ,1045.04
189 ,Cristian Barraza                     ,"Circuito Sur Madrid 575 Interior 325, San Anel de la Montaña, VER 87262-4998"                               ,(821)113-6062        ,cbarraza@live.com       ,3944.11
190 ,Gilberto Noriega López               ,"Privada Sur Alfaro 990 360, Nueva Chile, TAB 18295"                                                         ,634-201-0230         ,glópez@live.com         ,4010.34
191 ,Catalina Amanda Montes               ,"Privada Uruguay 291 280, Nueva República de Corea, MOR 18871"                                               ,(247)379-0955x964    ,cmontes@gmail.com       ,1704.82
192 ,Hugo Ignacio Irizarry                ,"Calzada Tafoya 566 682, San Gerardo los bajos, HGO 80543"                                                   ,+36(3)0801004098     ,hirizarry@outlook.com   ,1147.18
193 ,Úrsula Montañez                      ,"Andador Saucedo 439 Edif. 846 , Depto. 712, San Óscar los altos, COAH 68466-5109"                           ,1-764-411-1300x9574  ,úmontañez@live.com      ,4001.78
194 ,Adela Itzel Orta                     ,"Cerrada Nuevo León 506 Edif. 537 , Depto. 348, Vieja Italia, HGO 58261-8754"                                ,+28(1)7420474530     ,aorta@live.com          ,1277.83
195 ,Norma Vergara                        ,"Corredor Guanajuato 372 Interior 541, Nueva Bangladesh, SIN 44732-7219"                                     ,1-864-480-6305       ,nvergara@live.com       ,2717.48
196 ,Cynthia Barrera Cardenas             ,"Diagonal El Salvador 415 Edif. 659 , Depto. 593, Vieja Barbados, Q. ROO 89673"                              ,598.550.9344         ,ccardenas@outlook.com   ,1570.07
197 ,Elsa Linda Ceja Escalante            ,"Circuito México 346 621, San Modesto los bajos, GTO 77953"                                                  ,251-947-0594         ,eescalante@outlook.com  ,3368.31
198 ,Dulce Orellana                       ,"Peatonal Tlaxcala 898 Edif. 211 , Depto. 110, San Alberto los bajos, NL 59293"                              ,690-992-2683         ,dorellana@gmail.com     ,2355.53
199 ,Ignacio Salcedo                      ,"Pasaje Japón 087 Interior 884, San Fabiola los altos, HGO 37853"                                            ,(189)445-1537x308    ,isalcedo@hotmail.com    ,3249.23
200 ,Esteban Estrada                      ,"Ampliación San Luis Potosí 645 Interior 885, Nueva Dominicana, GRO 23539-0754"                              ,813-233-9584x5288    ,eestrada@outlook.com    ,3469.8